<code_scheme name="Default" version="173">
  <option name="RIGHT_MARGIN" value="200" />
  <option name="FORMATTER_TAGS_ENABLED" value="true" />
  <option name="FORMATTER_TAGS_ACCEPT_REGEXP" value="true" />
  <option name="ENABLE_SECOND_REFORMAT" value="true" />
  <Python>
    <option name="DICT_ALIGNMENT" value="2" />
  </Python>
  <codeStyleSettings language="Python">
    <indentOptions>
      <option name="INDENT_SIZE" value="3" />
      <option name="TAB_SIZE" value="3" />
      <option name="KEEP_INDENTS_ON_EMPTY_LINES" value="true" />
    </indentOptions>
  </codeStyleSettings>
</code_scheme>